episode,reward,steps_survived
1,2.00,13
2,3.00,14
3,-1.00,10
4,9.00,20
5,23.00,34
6,-2.00,9
7,7.00,18
8,-3.00,8
9,2.00,13
10,12.00,23
11,1.00,12
12,9.00,20
13,-6.00,5
14,4.00,15
15,21.00,32
16,5.00,16
17,-4.00,7
18,16.00,27
19,0.00,11
20,-6.00,5
21,11.00,22
22,-1.00,10
23,2.00,13
24,1.00,12
25,10.00,21
26,-3.00,8
27,13.00,24
28,3.00,14
29,3.00,14
30,11.00,22
31,3.00,14
32,-1.00,10
33,5.00,16
34,4.00,15
35,13.00,24
36,17.00,28
37,-5.00,6
38,0.00,11
39,-6.00,5
40,14.00,25
41,-6.00,5
42,1.00,12
43,9.00,20
44,-6.00,5
45,-5.00,6
46,-5.00,6
47,10.00,21
48,-1.00,10
49,-3.00,8
50,3.00,14
51,-4.00,7
52,-3.00,8
53,-5.00,6
54,23.00,34
55,-4.00,7
56,16.00,27
57,16.00,27
58,-1.00,10
59,10.00,21
60,-3.00,8
61,-5.00,6
62,-5.00,6
63,8.00,19
64,9.00,20
65,6.00,17
66,5.00,16
67,1.00,12
68,-1.00,10
69,-5.00,6
70,-4.00,7
71,-4.00,7
72,-2.00,9
73,41.00,52
74,-3.00,8
75,3.00,14
76,10.00,21
77,28.00,39
78,1.00,12
79,-5.00,6
80,0.00,11
81,3.00,14
82,24.00,35
83,4.00,15
84,-4.00,7
85,5.00,16
86,11.00,22
87,7.00,18
88,-3.00,8
89,2.00,13
90,29.00,40
91,1.00,12
92,7.00,18
93,4.00,15
94,-3.00,8
95,13.00,24
96,1.00,12
97,20.00,31
98,-2.00,9
99,-6.00,5
100,9.00,20
101,-6.00,5
102,2.00,13
103,-1.00,10
104,76.00,87
105,11.00,22
106,2.00,13
107,13.00,24
108,31.00,42
109,-2.00,9
110,1.00,12
111,-2.00,9
112,7.00,18
113,64.00,75
114,40.00,51
115,27.00,38
116,10.00,21
117,15.00,26
118,2.00,13
119,43.00,54
120,52.00,63
121,26.00,37
122,-6.00,5
123,16.00,27
124,3.00,14
125,-3.00,8
126,37.00,48
127,-2.00,9
128,20.00,31
129,15.00,26
130,11.00,22
131,11.00,22
132,16.00,27
133,-1.00,10
134,6.00,17
135,18.00,29
136,34.00,45
137,9.00,20
138,12.00,23
139,34.00,45
140,6.00,17
141,52.00,63
142,35.00,46
143,66.00,77
144,32.00,43
145,20.00,31
146,25.00,36
147,28.00,39
148,23.00,34
149,-5.00,6
150,10.00,21
151,-2.00,9
152,11.00,22
153,9.00,20
154,98.00,109
155,17.00,28
156,41.00,52
157,7.00,18
158,-5.00,6
159,27.00,38
160,100.00,111
161,14.00,25
162,38.00,49
163,26.00,37
164,71.00,82
165,6.00,17
166,21.00,32
167,21.00,32
168,1.00,12
169,7.00,18
170,16.00,27
171,4.00,15
172,-4.00,7
173,7.00,18
174,1.00,12
175,53.00,64
176,15.00,26
177,24.00,35
178,5.00,16
179,6.00,17
180,35.00,46
181,0.00,11
182,96.00,107
183,3.00,14
184,23.00,34
185,142.00,153
186,185.00,196
187,-5.00,6
188,23.00,34
189,24.00,35
190,146.00,157
191,1.00,12
192,85.00,96
193,-2.00,9
194,-4.00,7
195,30.00,41
196,9.00,20
197,9.00,20
198,66.00,77
199,81.00,92
200,84.00,95
201,4.00,15
202,29.00,40
203,78.00,89
204,0.00,11
205,127.00,138
206,21.00,32
207,24.00,35
208,19.00,30
209,75.00,86
210,41.00,52
211,6.00,17
212,167.00,178
213,18.00,29
214,49.00,60
215,25.00,36
216,15.00,26
217,-5.00,6
218,11.00,22
219,12.00,23
220,29.00,40
221,31.00,42
222,78.00,89
223,27.00,38
224,6.00,17
225,16.00,27
226,-2.00,9
227,82.00,93
228,40.00,51
229,69.00,80
230,200.00,200
231,-3.00,8
232,-1.00,10
233,-5.00,6
234,120.00,131
235,99.00,110
236,115.00,126
237,10.00,21
238,0.00,11
239,-2.00,9
240,7.00,18
241,65.00,76
242,57.00,68
243,29.00,40
244,-3.00,8
245,88.00,99
246,64.00,75
247,122.00,133
248,45.00,56
249,39.00,50
250,61.00,72
251,0.00,11
252,3.00,14
253,106.00,117
254,200.00,200
255,10.00,21
256,9.00,20
257,11.00,22
258,104.00,115
259,60.00,71
260,89.00,100
261,83.00,94
262,124.00,135
263,0.00,11
264,67.00,78
265,5.00,16
266,68.00,79
267,29.00,40
268,115.00,126
269,61.00,72
270,59.00,70
271,67.00,78
272,0.00,11
273,2.00,13
274,85.00,96
275,58.00,69
276,16.00,27
277,49.00,60
278,29.00,40
279,200.00,200
280,66.00,77
281,120.00,131
282,10.00,21
283,30.00,41
284,9.00,20
285,200.00,200
286,127.00,138
287,23.00,34
288,29.00,40
289,200.00,200
290,200.00,200
291,96.00,107
292,139.00,150
293,23.00,34
294,157.00,168
295,34.00,45
296,200.00,200
297,51.00,62
298,28.00,39
299,71.00,82
300,22.00,33
301,200.00,200
302,153.00,164
303,148.00,159
304,95.00,106
305,200.00,200
306,41.00,52
307,200.00,200
308,73.00,84
309,123.00,134
310,66.00,77
311,165.00,176
312,24.00,35
313,74.00,85
314,122.00,133
315,29.00,40
316,200.00,200
317,-1.00,10
318,39.00,50
319,152.00,163
320,34.00,45
321,164.00,175
322,43.00,54
323,47.00,58
324,77.00,88
325,200.00,200
326,200.00,200
327,-3.00,8
328,83.00,94
329,74.00,85
330,200.00,200
331,95.00,106
332,23.00,34
333,123.00,134
334,0.00,11
335,200.00,200
336,81.00,92
337,51.00,62
338,12.00,23
339,200.00,200
340,20.00,31
341,200.00,200
342,200.00,200
343,82.00,93
344,73.00,84
345,17.00,28
346,200.00,200
347,81.00,92
348,200.00,200
349,25.00,36
350,93.00,104
351,4.00,15
352,51.00,62
353,200.00,200
354,149.00,160
355,50.00,61
356,39.00,50
357,200.00,200
358,38.00,49
359,104.00,115
360,77.00,88
361,156.00,167
362,51.00,62
363,200.00,200
364,31.00,42
365,81.00,92
366,6.00,17
367,48.00,59
368,18.00,29
369,133.00,144
370,133.00,144
371,46.00,57
372,200.00,200
373,34.00,45
374,69.00,80
375,130.00,141
376,83.00,94
377,78.00,89
378,200.00,200
379,112.00,123
380,152.00,163
381,142.00,153
382,114.00,125
383,200.00,200
384,142.00,153
385,200.00,200
386,26.00,37
387,200.00,200
388,200.00,200
389,200.00,200
390,147.00,158
391,200.00,200
392,16.00,27
393,200.00,200
394,200.00,200
395,19.00,30
396,200.00,200
397,62.00,73
398,200.00,200
399,200.00,200
400,200.00,200
401,200.00,200
402,128.00,139
403,12.00,23
404,200.00,200
405,200.00,200
406,145.00,156
407,130.00,141
408,35.00,46
409,161.00,172
410,37.00,48
411,200.00,200
412,200.00,200
413,110.00,121
414,155.00,166
415,4.00,15
416,78.00,89
417,25.00,36
418,177.00,188
419,76.00,87
420,46.00,57
421,8.00,19
422,76.00,87
423,68.00,79
424,200.00,200
425,68.00,79
426,9.00,20
427,159.00,170
428,36.00,47
429,0.00,11
430,200.00,200
431,81.00,92
432,200.00,200
433,200.00,200
434,110.00,121
435,200.00,200
436,46.00,57
437,45.00,56
438,137.00,148
439,21.00,32
440,50.00,61
441,102.00,113
442,-3.00,8
443,200.00,200
444,33.00,44
445,85.00,96
446,200.00,200
447,83.00,94
448,200.00,200
449,200.00,200
450,158.00,169
451,173.00,184
452,101.00,112
453,200.00,200
454,154.00,165
455,200.00,200
456,200.00,200
457,104.00,115
458,37.00,48
459,200.00,200
460,67.00,78
461,200.00,200
462,100.00,111
463,50.00,61
464,200.00,200
465,64.00,75
466,6.00,17
467,70.00,81
468,20.00,31
469,84.00,95
470,179.00,190
471,59.00,70
472,200.00,200
473,53.00,64
474,200.00,200
475,200.00,200
476,159.00,170
477,200.00,200
478,200.00,200
479,84.00,95
480,107.00,118
481,165.00,176
482,200.00,200
483,200.00,200
484,36.00,47
485,16.00,27
486,90.00,101
487,22.00,33
488,200.00,200
489,77.00,88
490,75.00,86
491,10.00,21
492,150.00,161
493,65.00,76
494,99.00,110
495,200.00,200
496,200.00,200
497,200.00,200
498,200.00,200
499,200.00,200
500,200.00,200
501,25.00,36
502,200.00,200
503,200.00,200
504,200.00,200
505,200.00,200
506,127.00,138
507,86.00,97
508,116.00,127
509,70.00,81
510,189.00,200
511,200.00,200
512,40.00,51
513,200.00,200
514,200.00,200
515,77.00,88
516,100.00,111
517,17.00,28
518,200.00,200
519,185.00,196
520,200.00,200
521,74.00,85
522,200.00,200
523,181.00,192
524,200.00,200
525,10.00,21
526,104.00,115
527,200.00,200
528,111.00,122
529,45.00,56
530,170.00,181
531,200.00,200
532,88.00,99
533,131.00,142
534,200.00,200
535,200.00,200
536,61.00,72
537,200.00,200
538,149.00,160
539,200.00,200
540,151.00,162
541,200.00,200
542,125.00,136
543,200.00,200
544,151.00,162
545,200.00,200
546,200.00,200
547,200.00,200
548,200.00,200
549,200.00,200
550,200.00,200
551,200.00,200
552,200.00,200
553,200.00,200
554,200.00,200
555,200.00,200
556,200.00,200
557,200.00,200
558,108.00,119
559,200.00,200
560,200.00,200
561,200.00,200
562,167.00,178
563,200.00,200
564,200.00,200
565,35.00,46
566,14.00,25
567,200.00,200
568,200.00,200
569,200.00,200
570,200.00,200
571,200.00,200
572,200.00,200
573,71.00,82
574,200.00,200
575,52.00,63
576,72.00,83
577,130.00,141
578,183.00,194
579,200.00,200
580,129.00,140
581,200.00,200
582,97.00,108
583,20.00,31
584,200.00,200
585,119.00,130
586,200.00,200
587,200.00,200
588,200.00,200
589,200.00,200
590,200.00,200
591,200.00,200
592,200.00,200
593,200.00,200
594,200.00,200
595,104.00,115
596,200.00,200
597,200.00,200
598,200.00,200
599,51.00,62
600,137.00,148
601,200.00,200
602,200.00,200
603,200.00,200
604,200.00,200
605,36.00,47
606,200.00,200
607,136.00,147
608,200.00,200
609,200.00,200
610,144.00,155
611,23.00,34
612,200.00,200
613,200.00,200
614,200.00,200
615,200.00,200
616,200.00,200
617,151.00,162
618,29.00,40
619,200.00,200
620,200.00,200
621,129.00,140
622,200.00,200
623,200.00,200
624,200.00,200
625,200.00,200
626,200.00,200
627,200.00,200
628,200.00,200
629,200.00,200
630,200.00,200
631,113.00,124
632,15.00,26
633,200.00,200
634,200.00,200
635,189.00,200
636,10.00,21
637,200.00,200
638,48.00,59
639,200.00,200
640,200.00,200
641,200.00,200
642,200.00,200
643,90.00,101
644,200.00,200
645,71.00,82
646,200.00,200
647,200.00,200
648,200.00,200
649,82.00,93
650,200.00,200
651,200.00,200
652,200.00,200
653,143.00,154
654,200.00,200
655,200.00,200
656,200.00,200
657,200.00,200
658,200.00,200
659,200.00,200
660,200.00,200
661,200.00,200
662,200.00,200
663,169.00,180
664,63.00,74
665,200.00,200
666,189.00,200
667,51.00,62
668,200.00,200
669,200.00,200
670,200.00,200
671,200.00,200
672,200.00,200
673,200.00,200
674,160.00,171
675,200.00,200
676,200.00,200
677,200.00,200
678,200.00,200
679,200.00,200
680,200.00,200
681,126.00,137
682,200.00,200
683,75.00,86
684,200.00,200
685,200.00,200
686,69.00,80
687,200.00,200
688,200.00,200
689,184.00,195
690,118.00,129
691,200.00,200
692,200.00,200
693,200.00,200
694,173.00,184
695,64.00,75
696,200.00,200
697,200.00,200
698,98.00,109
699,53.00,64
700,84.00,95
701,200.00,200
702,200.00,200
703,200.00,200
704,4.00,15
705,200.00,200
706,200.00,200
707,51.00,62
708,200.00,200
709,200.00,200
710,200.00,200
711,200.00,200
712,77.00,88
713,200.00,200
714,46.00,57
715,123.00,134
716,200.00,200
717,200.00,200
718,200.00,200
719,200.00,200
720,200.00,200
721,200.00,200
722,200.00,200
723,126.00,137
724,184.00,195
725,200.00,200
726,160.00,171
727,141.00,152
728,30.00,41
729,106.00,117
730,200.00,200
731,200.00,200
732,200.00,200
733,200.00,200
734,200.00,200
735,200.00,200
736,23.00,34
737,200.00,200
738,200.00,200
739,174.00,185
740,200.00,200
741,200.00,200
742,200.00,200
743,42.00,53
744,200.00,200
745,37.00,48
746,200.00,200
747,111.00,122
748,200.00,200
749,45.00,56
750,70.00,81
751,200.00,200
752,200.00,200
753,111.00,122
754,109.00,120
755,200.00,200
756,200.00,200
757,20.00,31
758,200.00,200
759,200.00,200
760,123.00,134
761,200.00,200
762,49.00,60
763,118.00,129
764,200.00,200
765,200.00,200
766,85.00,96
767,200.00,200
768,200.00,200
769,53.00,64
770,101.00,112
771,200.00,200
772,19.00,30
773,200.00,200
774,200.00,200
775,121.00,132
776,138.00,149
777,175.00,186
778,200.00,200
779,110.00,121
780,125.00,136
781,200.00,200
782,200.00,200
783,200.00,200
784,200.00,200
785,200.00,200
786,200.00,200
787,127.00,138
788,200.00,200
789,200.00,200
790,200.00,200
791,200.00,200
792,80.00,91
793,200.00,200
794,78.00,89
795,200.00,200
796,119.00,130
797,133.00,144
798,200.00,200
799,200.00,200
800,200.00,200
801,115.00,126
802,75.00,86
803,200.00,200
804,114.00,125
805,200.00,200
806,36.00,47
807,200.00,200
808,200.00,200
809,200.00,200
810,143.00,154
811,114.00,125
812,68.00,79
813,46.00,57
814,41.00,52
815,100.00,111
816,149.00,160
817,200.00,200
818,200.00,200
819,200.00,200
820,49.00,60
821,178.00,189
822,200.00,200
823,200.00,200
824,200.00,200
825,200.00,200
826,162.00,173
827,200.00,200
828,105.00,116
829,200.00,200
830,60.00,71
831,200.00,200
832,200.00,200
833,200.00,200
834,200.00,200
835,200.00,200
836,200.00,200
837,200.00,200
838,200.00,200
839,200.00,200
840,200.00,200
841,146.00,157
842,200.00,200
843,200.00,200
844,178.00,189
845,200.00,200
846,200.00,200
847,200.00,200
848,200.00,200
849,200.00,200
850,63.00,74
851,34.00,45
852,30.00,41
853,200.00,200
854,46.00,57
855,200.00,200
856,155.00,166
857,155.00,166
858,200.00,200
859,200.00,200
860,200.00,200
861,200.00,200
862,200.00,200
863,200.00,200
864,200.00,200
865,200.00,200
866,135.00,146
867,200.00,200
868,51.00,62
869,159.00,170
870,200.00,200
871,200.00,200
872,200.00,200
873,67.00,78
874,115.00,126
875,163.00,174
876,200.00,200
877,200.00,200
878,200.00,200
879,200.00,200
880,200.00,200
881,77.00,88
882,3.00,14
883,12.00,23
884,200.00,200
885,163.00,174
886,167.00,178
887,141.00,152
888,200.00,200
889,200.00,200
890,200.00,200
891,200.00,200
892,200.00,200
893,200.00,200
894,200.00,200
895,200.00,200
896,39.00,50
897,155.00,166
898,200.00,200
899,200.00,200
900,200.00,200
901,200.00,200
902,12.00,23
903,200.00,200
904,200.00,200
905,138.00,149
906,200.00,200
907,200.00,200
908,200.00,200
909,200.00,200
910,116.00,127
911,200.00,200
912,200.00,200
913,12.00,23
914,27.00,38
915,200.00,200
916,200.00,200
917,200.00,200
918,200.00,200
919,200.00,200
920,200.00,200
921,43.00,54
922,200.00,200
923,200.00,200
924,200.00,200
925,200.00,200
926,200.00,200
927,39.00,50
928,200.00,200
929,200.00,200
930,200.00,200
931,200.00,200
932,200.00,200
933,200.00,200
934,200.00,200
935,200.00,200
936,200.00,200
937,200.00,200
938,200.00,200
939,200.00,200
940,200.00,200
941,105.00,116
942,200.00,200
943,24.00,35
944,200.00,200
945,37.00,48
946,200.00,200
947,200.00,200
948,58.00,69
949,200.00,200
950,200.00,200
951,200.00,200
952,176.00,187
953,51.00,62
954,200.00,200
955,200.00,200
956,200.00,200
957,86.00,97
958,200.00,200
959,200.00,200
960,98.00,109
961,200.00,200
962,48.00,59
963,88.00,99
964,200.00,200
965,200.00,200
966,65.00,76
967,200.00,200
968,-3.00,8
969,200.00,200
970,200.00,200
971,200.00,200
972,134.00,145
973,129.00,140
974,84.00,95
975,200.00,200
976,200.00,200
977,200.00,200
978,129.00,140
979,62.00,73
980,153.00,164
981,200.00,200
982,200.00,200
983,157.00,168
984,200.00,200
985,200.00,200
986,200.00,200
987,36.00,47
988,200.00,200
989,122.00,133
990,109.00,120
991,200.00,200
992,11.00,22
993,170.00,181
994,54.00,65
995,152.00,163
996,200.00,200
997,58.00,69
998,13.00,24
999,200.00,200
1000,200.00,200
1001,132.00,143
1002,200.00,200
1003,200.00,200
1004,49.00,60
1005,200.00,200
1006,200.00,200
1007,17.00,28
1008,200.00,200
1009,200.00,200
1010,200.00,200
1011,200.00,200
1012,200.00,200
1013,200.00,200
1014,200.00,200
1015,200.00,200
1016,47.00,58
1017,200.00,200
1018,200.00,200
1019,200.00,200
1020,200.00,200
1021,87.00,98
1022,200.00,200
1023,200.00,200
1024,200.00,200
1025,200.00,200
1026,200.00,200
1027,97.00,108
1028,126.00,137
1029,200.00,200
1030,108.00,119
1031,200.00,200
1032,200.00,200
1033,200.00,200
1034,200.00,200
1035,200.00,200
1036,13.00,24
1037,52.00,63
1038,30.00,41
1039,153.00,164
1040,113.00,124
1041,200.00,200
1042,200.00,200
1043,91.00,102
1044,200.00,200
1045,200.00,200
1046,200.00,200
1047,200.00,200
1048,200.00,200
1049,200.00,200
1050,200.00,200
1051,200.00,200
1052,200.00,200
1053,32.00,43
1054,116.00,127
1055,200.00,200
1056,61.00,72
1057,200.00,200
1058,41.00,52
1059,200.00,200
1060,200.00,200
1061,127.00,138
1062,200.00,200
1063,200.00,200
1064,36.00,47
1065,200.00,200
1066,200.00,200
1067,200.00,200
1068,200.00,200
1069,38.00,49
1070,200.00,200
1071,31.00,42
1072,200.00,200
1073,200.00,200
1074,200.00,200
1075,142.00,153
1076,200.00,200
1077,200.00,200
1078,200.00,200
1079,200.00,200
1080,107.00,118
1081,200.00,200
1082,200.00,200
1083,200.00,200
1084,200.00,200
1085,200.00,200
1086,200.00,200
1087,200.00,200
1088,200.00,200
1089,200.00,200
1090,200.00,200
1091,64.00,75
1092,148.00,159
1093,200.00,200
1094,172.00,183
1095,-5.00,6
1096,18.00,29
1097,200.00,200
1098,200.00,200
1099,200.00,200
1100,106.00,117
1101,67.00,78
1102,-4.00,7
1103,184.00,195
1104,200.00,200
1105,200.00,200
1106,200.00,200
1107,200.00,200
1108,200.00,200
1109,200.00,200
1110,200.00,200
1111,200.00,200
1112,200.00,200
1113,200.00,200
1114,200.00,200
1115,181.00,192
1116,200.00,200
1117,200.00,200
1118,161.00,172
1119,200.00,200
1120,200.00,200
1121,13.00,24
1122,63.00,74
1123,78.00,89
1124,200.00,200
1125,200.00,200
1126,108.00,119
1127,77.00,88
1128,200.00,200
1129,200.00,200
1130,200.00,200
1131,80.00,91
1132,200.00,200
1133,200.00,200
1134,120.00,131
1135,200.00,200
1136,138.00,149
1137,200.00,200
1138,200.00,200
1139,18.00,29
1140,200.00,200
1141,200.00,200
1142,116.00,127
1143,200.00,200
1144,200.00,200
1145,200.00,200
1146,200.00,200
1147,125.00,136
1148,109.00,120
1149,15.00,26
1150,86.00,97
1151,200.00,200
1152,200.00,200
1153,200.00,200
1154,17.00,28
1155,200.00,200
1156,200.00,200
1157,52.00,63
1158,162.00,173
1159,-4.00,7
1160,132.00,143
1161,200.00,200
1162,50.00,61
1163,200.00,200
1164,200.00,200
1165,200.00,200
1166,53.00,64
1167,86.00,97
1168,-2.00,9
1169,200.00,200
1170,148.00,159
1171,200.00,200
1172,200.00,200
1173,200.00,200
1174,200.00,200
1175,200.00,200
1176,200.00,200
1177,200.00,200
1178,125.00,136
1179,71.00,82
1180,200.00,200
1181,200.00,200
1182,200.00,200
1183,200.00,200
1184,28.00,39
1185,78.00,89
1186,158.00,169
1187,32.00,43
1188,58.00,69
1189,127.00,138
1190,200.00,200
1191,164.00,175
1192,200.00,200
1193,200.00,200
1194,200.00,200
1195,200.00,200
1196,24.00,35
1197,11.00,22
1198,-1.00,10
1199,44.00,55
1200,200.00,200
1201,19.00,30
1202,200.00,200
1203,72.00,83
1204,200.00,200
1205,18.00,29
1206,200.00,200
1207,200.00,200
1208,57.00,68
1209,-3.00,8
1210,185.00,196
1211,200.00,200
1212,103.00,114
1213,114.00,125
1214,39.00,50
1215,200.00,200
1216,200.00,200
1217,-3.00,8
1218,29.00,40
1219,39.00,50
1220,200.00,200
1221,200.00,200
1222,17.00,28
1223,6.00,17
1224,15.00,26
1225,20.00,31
1226,200.00,200
1227,29.00,40
1228,106.00,117
1229,19.00,30
1230,84.00,95
1231,53.00,64
1232,200.00,200
1233,200.00,200
1234,200.00,200
1235,21.00,32
1236,175.00,186
1237,162.00,173
1238,3.00,14
1239,77.00,88
1240,200.00,200
1241,16.00,27
1242,146.00,157
1243,200.00,200
1244,200.00,200
1245,200.00,200
1246,200.00,200
1247,103.00,114
1248,162.00,173
1249,180.00,191
1250,151.00,162
1251,200.00,200
1252,144.00,155
1253,85.00,96
1254,89.00,100
1255,65.00,76
1256,200.00,200
1257,141.00,152
1258,200.00,200
1259,22.00,33
1260,170.00,181
1261,200.00,200
1262,102.00,113
1263,200.00,200
1264,200.00,200
1265,176.00,187
1266,128.00,139
1267,54.00,65
1268,177.00,188
1269,73.00,84
1270,200.00,200
1271,122.00,133
1272,28.00,39
1273,49.00,60
1274,116.00,127
1275,35.00,46
1276,66.00,77
1277,5.00,16
1278,71.00,82
1279,87.00,98
1280,37.00,48
1281,169.00,180
1282,3.00,14
1283,45.00,56
1284,153.00,164
1285,180.00,191
1286,119.00,130
1287,69.00,80
1288,149.00,160
1289,57.00,68
1290,182.00,193
1291,29.00,40
1292,200.00,200
1293,200.00,200
1294,56.00,67
1295,200.00,200
1296,47.00,58
1297,128.00,139
1298,7.00,18
1299,200.00,200
1300,200.00,200
1301,200.00,200
1302,200.00,200
1303,118.00,129
1304,200.00,200
1305,200.00,200
1306,200.00,200
1307,200.00,200
1308,97.00,108
1309,31.00,42
1310,13.00,24
1311,118.00,129
1312,113.00,124
1313,200.00,200
1314,200.00,200
1315,60.00,71
1316,200.00,200
1317,200.00,200
1318,200.00,200
1319,200.00,200
1320,200.00,200
1321,200.00,200
1322,141.00,152
1323,200.00,200
1324,53.00,64
1325,0.00,11
1326,200.00,200
1327,87.00,98
1328,200.00,200
1329,185.00,196
1330,156.00,167
1331,11.00,22
1332,33.00,44
1333,200.00,200
1334,200.00,200
1335,56.00,67
1336,4.00,15
1337,15.00,26
1338,0.00,11
1339,79.00,90
1340,147.00,158
1341,29.00,40
1342,86.00,97
1343,-3.00,8
1344,70.00,81
1345,38.00,49
1346,200.00,200
1347,112.00,123
1348,146.00,157
1349,33.00,44
1350,200.00,200
1351,12.00,23
1352,101.00,112
1353,200.00,200
1354,200.00,200
1355,164.00,175
1356,200.00,200
1357,112.00,123
1358,40.00,51
1359,69.00,80
1360,-3.00,8
1361,15.00,26
1362,33.00,44
1363,101.00,112
1364,-2.00,9
1365,121.00,132
1366,60.00,71
1367,145.00,156
1368,4.00,15
1369,62.00,73
1370,105.00,116
1371,36.00,47
1372,24.00,35
1373,23.00,34
1374,69.00,80
1375,200.00,200
1376,112.00,123
1377,187.00,198
1378,200.00,200
1379,14.00,25
1380,12.00,23
1381,160.00,171
1382,-2.00,9
1383,200.00,200
1384,7.00,18
1385,23.00,34
1386,53.00,64
1387,-2.00,9
1388,200.00,200
1389,-1.00,10
1390,7.00,18
1391,26.00,37
1392,106.00,117
1393,120.00,131
1394,68.00,79
1395,158.00,169
1396,46.00,57
1397,200.00,200
1398,29.00,40
1399,27.00,38
1400,48.00,59
1401,112.00,123
1402,98.00,109
1403,21.00,32
1404,22.00,33
1405,84.00,95
1406,-5.00,6
1407,35.00,46
1408,37.00,48
1409,2.00,13
1410,101.00,112
1411,147.00,158
1412,9.00,20
1413,-1.00,10
1414,50.00,61
1415,29.00,40
1416,56.00,67
1417,92.00,103
1418,-1.00,10
1419,28.00,39
1420,14.00,25
1421,3.00,14
1422,41.00,52
1423,10.00,21
1424,82.00,93
1425,200.00,200
1426,57.00,68
1427,-4.00,7
1428,-3.00,8
1429,3.00,14
1430,60.00,71
1431,2.00,13
1432,14.00,25
1433,14.00,25
1434,33.00,44
1435,24.00,35
1436,106.00,117
1437,40.00,51
1438,23.00,34
1439,76.00,87
1440,83.00,94
1441,187.00,198
1442,96.00,107
1443,122.00,133
1444,76.00,87
1445,200.00,200
1446,86.00,97
1447,52.00,63
1448,109.00,120
1449,78.00,89
1450,24.00,35
1451,85.00,96
1452,22.00,33
1453,17.00,28
1454,70.00,81
1455,-6.00,5
1456,12.00,23
1457,62.00,73
1458,32.00,43
1459,89.00,100
1460,92.00,103
1461,12.00,23
1462,31.00,42
1463,32.00,43
1464,-3.00,8
1465,104.00,115
1466,71.00,82
1467,116.00,127
1468,68.00,79
1469,200.00,200
1470,188.00,199
1471,23.00,34
1472,24.00,35
1473,7.00,18
1474,34.00,45
1475,49.00,60
1476,43.00,54
1477,69.00,80
1478,57.00,68
1479,-2.00,9
1480,29.00,40
1481,50.00,61
1482,153.00,164
1483,126.00,137
1484,60.00,71
1485,11.00,22
1486,20.00,31
1487,-3.00,8
1488,-2.00,9
1489,13.00,24
1490,88.00,99
1491,127.00,138
1492,10.00,21
1493,7.00,18
1494,-5.00,6
1495,50.00,61
1496,29.00,40
1497,55.00,66
1498,20.00,31
1499,150.00,161
1500,172.00,183
1501,122.00,133
1502,200.00,200
1503,7.00,18
1504,37.00,48
1505,89.00,100
1506,-3.00,8
1507,11.00,22
1508,-5.00,6
1509,21.00,32
1510,129.00,140
1511,74.00,85
1512,200.00,200
1513,3.00,14
1514,79.00,90
1515,26.00,37
1516,10.00,21
1517,1.00,12
1518,16.00,27
1519,200.00,200
1520,14.00,25
1521,97.00,108
1522,46.00,57
1523,77.00,88
1524,154.00,165
1525,60.00,71
1526,133.00,144
1527,57.00,68
1528,183.00,194
1529,43.00,54
1530,161.00,172
1531,75.00,86
1532,17.00,28
1533,17.00,28
1534,81.00,92
1535,14.00,25
1536,64.00,75
1537,40.00,51
1538,5.00,16
1539,25.00,36
1540,46.00,57
1541,-3.00,8
1542,23.00,34
1543,29.00,40
1544,28.00,39
1545,91.00,102
1546,200.00,200
1547,-2.00,9
1548,0.00,11
1549,0.00,11
1550,60.00,71
1551,33.00,44
1552,83.00,94
1553,-1.00,10
1554,19.00,30
1555,110.00,121
1556,200.00,200
1557,102.00,113
1558,63.00,74
1559,59.00,70
1560,121.00,132
1561,12.00,23
1562,-1.00,10
1563,96.00,107
1564,-2.00,9
1565,200.00,200
1566,85.00,96
1567,28.00,39
1568,-4.00,7
1569,40.00,51
1570,89.00,100
1571,61.00,72
1572,16.00,27
1573,44.00,55
1574,110.00,121
1575,138.00,149
1576,200.00,200
1577,-1.00,10
1578,160.00,171
1579,79.00,90
1580,25.00,36
1581,117.00,128
1582,137.00,148
1583,200.00,200
1584,23.00,34
1585,60.00,71
1586,119.00,130
1587,34.00,45
1588,67.00,78
1589,37.00,48
1590,91.00,102
1591,176.00,187
1592,200.00,200
1593,12.00,23
1594,13.00,24
1595,52.00,63
1596,13.00,24
1597,93.00,104
1598,28.00,39
1599,200.00,200
1600,200.00,200
1601,72.00,83
1602,139.00,150
1603,33.00,44
1604,99.00,110
1605,62.00,73
1606,34.00,45
1607,26.00,37
1608,62.00,73
1609,76.00,87
1610,16.00,27
1611,24.00,35
1612,24.00,35
1613,134.00,145
1614,44.00,55
1615,74.00,85
1616,117.00,128
1617,88.00,99
1618,27.00,38
1619,21.00,32
1620,96.00,107
1621,4.00,15
1622,1.00,12
1623,7.00,18
1624,19.00,30
1625,67.00,78
1626,22.00,33
1627,60.00,71
1628,20.00,31
1629,10.00,21
1630,21.00,32
1631,102.00,113
1632,181.00,192
1633,21.00,32
1634,114.00,125
1635,44.00,55
1636,-5.00,6
1637,56.00,67
1638,109.00,120
1639,3.00,14
1640,88.00,99
1641,9.00,20
1642,8.00,19
1643,9.00,20
1644,36.00,47
1645,65.00,76
1646,24.00,35
1647,59.00,70
1648,108.00,119
1649,2.00,13
1650,68.00,79
1651,6.00,17
1652,44.00,55
1653,42.00,53
1654,189.00,200
1655,87.00,98
1656,8.00,19
1657,67.00,78
1658,50.00,61
1659,178.00,189
1660,33.00,44
1661,15.00,26
1662,16.00,27
1663,-4.00,7
1664,110.00,121
1665,103.00,114
1666,41.00,52
1667,64.00,75
1668,43.00,54
1669,200.00,200
1670,132.00,143
1671,36.00,47
1672,95.00,106
1673,0.00,11
1674,70.00,81
1675,200.00,200
1676,200.00,200
1677,200.00,200
1678,200.00,200
1679,12.00,23
1680,16.00,27
1681,54.00,65
1682,84.00,95
1683,27.00,38
1684,18.00,29
1685,101.00,112
1686,43.00,54
1687,175.00,186
1688,68.00,79
1689,98.00,109
1690,200.00,200
1691,-2.00,9
1692,44.00,55
1693,6.00,17
1694,107.00,118
1695,5.00,16
1696,123.00,134
1697,2.00,13
1698,200.00,200
1699,19.00,30
1700,29.00,40
1701,156.00,167
1702,15.00,26
1703,200.00,200
1704,200.00,200
1705,185.00,196
1706,146.00,157
1707,200.00,200
1708,37.00,48
1709,0.00,11
1710,79.00,90
1711,9.00,20
1712,200.00,200
1713,77.00,88
1714,80.00,91
1715,200.00,200
1716,0.00,11
1717,-1.00,10
1718,153.00,164
1719,6.00,17
1720,34.00,45
1721,-1.00,10
1722,8.00,19
1723,15.00,26
1724,70.00,81
1725,2.00,13
1726,66.00,77
1727,6.00,17
1728,34.00,45
1729,50.00,61
1730,29.00,40
1731,160.00,171
1732,24.00,35
1733,7.00,18
1734,38.00,49
1735,85.00,96
1736,51.00,62
1737,86.00,97
1738,36.00,47
1739,6.00,17
1740,109.00,120
1741,200.00,200
1742,141.00,152
1743,19.00,30
1744,117.00,128
1745,177.00,188
1746,-2.00,9
1747,73.00,84
1748,42.00,53
1749,18.00,29
1750,83.00,94
1751,200.00,200
1752,13.00,24
1753,16.00,27
1754,26.00,37
1755,110.00,121
1756,200.00,200
1757,200.00,200
1758,200.00,200
1759,38.00,49
1760,200.00,200
1761,42.00,53
1762,200.00,200
1763,36.00,47
1764,200.00,200
1765,159.00,170
1766,35.00,46
1767,200.00,200
1768,200.00,200
1769,200.00,200
1770,145.00,156
1771,200.00,200
1772,200.00,200
1773,200.00,200
1774,200.00,200
1775,-1.00,10
1776,200.00,200
1777,18.00,29
1778,51.00,62
1779,31.00,42
1780,69.00,80
1781,-1.00,10
1782,150.00,161
1783,8.00,19
1784,103.00,114
1785,27.00,38
1786,-3.00,8
1787,-3.00,8
1788,25.00,36
1789,65.00,76
1790,140.00,151
1791,8.00,19
1792,29.00,40
1793,30.00,41
1794,38.00,49
1795,200.00,200
1796,180.00,191
1797,63.00,74
1798,200.00,200
1799,130.00,141
1800,107.00,118
1801,200.00,200
1802,15.00,26
1803,200.00,200
1804,200.00,200
1805,200.00,200
1806,69.00,80
1807,-2.00,9
1808,200.00,200
1809,200.00,200
1810,200.00,200
1811,200.00,200
1812,200.00,200
1813,22.00,33
1814,34.00,45
1815,200.00,200
1816,200.00,200
1817,200.00,200
1818,200.00,200
1819,200.00,200
1820,1.00,12
1821,200.00,200
1822,200.00,200
1823,200.00,200
1824,-3.00,8
1825,15.00,26
1826,200.00,200
1827,109.00,120
1828,200.00,200
1829,3.00,14
1830,58.00,69
1831,167.00,178
1832,200.00,200
1833,0.00,11
1834,200.00,200
1835,128.00,139
1836,200.00,200
1837,200.00,200
1838,-2.00,9
1839,45.00,56
1840,129.00,140
1841,82.00,93
1842,200.00,200
1843,59.00,70
1844,200.00,200
1845,200.00,200
1846,200.00,200
1847,200.00,200
1848,117.00,128
1849,200.00,200
1850,54.00,65
1851,-1.00,10
1852,25.00,36
1853,102.00,113
1854,-2.00,9
1855,15.00,26
1856,200.00,200
1857,200.00,200
1858,-1.00,10
1859,28.00,39
1860,27.00,38
1861,168.00,179
1862,55.00,66
1863,48.00,59
1864,144.00,155
1865,49.00,60
1866,119.00,130
1867,51.00,62
1868,-3.00,8
1869,200.00,200
1870,6.00,17
1871,85.00,96
1872,35.00,46
1873,59.00,70
1874,200.00,200
1875,42.00,53
1876,17.00,28
1877,3.00,14
1878,20.00,31
1879,68.00,79
1880,-1.00,10
1881,105.00,116
1882,150.00,161
1883,1.00,12
1884,-2.00,9
1885,73.00,84
1886,133.00,144
1887,99.00,110
1888,58.00,69
1889,200.00,200
1890,200.00,200
1891,20.00,31
1892,80.00,91
1893,36.00,47
1894,13.00,24
1895,8.00,19
1896,59.00,70
1897,10.00,21
1898,-2.00,9
1899,15.00,26
1900,70.00,81
1901,41.00,52
1902,94.00,105
1903,119.00,130
1904,52.00,63
1905,7.00,18
1906,76.00,87
1907,21.00,32
1908,103.00,114
1909,14.00,25
1910,2.00,13
1911,0.00,11
1912,60.00,71
1913,6.00,17
1914,129.00,140
1915,36.00,47
1916,200.00,200
1917,100.00,111
1918,123.00,134
1919,163.00,174
1920,200.00,200
1921,13.00,24
1922,13.00,24
1923,34.00,45
1924,4.00,15
1925,33.00,44
1926,-1.00,10
1927,2.00,13
1928,0.00,11
1929,94.00,105
1930,54.00,65
1931,57.00,68
1932,-5.00,6
1933,72.00,83
1934,129.00,140
1935,158.00,169
1936,-4.00,7
1937,28.00,39
1938,7.00,18
1939,64.00,75
1940,29.00,40
1941,42.00,53
1942,130.00,141
1943,2.00,13
1944,9.00,20
1945,22.00,33
1946,94.00,105
1947,41.00,52
1948,37.00,48
1949,14.00,25
1950,200.00,200
1951,55.00,66
1952,200.00,200
1953,127.00,138
1954,48.00,59
1955,71.00,82
1956,115.00,126
1957,93.00,104
1958,200.00,200
1959,123.00,134
1960,12.00,23
1961,53.00,64
1962,68.00,79
1963,109.00,120
1964,200.00,200
1965,200.00,200
1966,99.00,110
1967,200.00,200
1968,181.00,192
1969,167.00,178
1970,200.00,200
1971,200.00,200
1972,200.00,200
1973,200.00,200
1974,200.00,200
1975,200.00,200
1976,200.00,200
1977,200.00,200
1978,200.00,200
1979,200.00,200
1980,200.00,200
1981,78.00,89
1982,72.00,83
1983,200.00,200
1984,200.00,200
1985,42.00,53
1986,200.00,200
1987,200.00,200
1988,81.00,92
1989,29.00,40
1990,33.00,44
1991,95.00,106
1992,14.00,25
1993,111.00,122
1994,120.00,131
1995,21.00,32
1996,22.00,33
1997,137.00,148
1998,200.00,200
1999,200.00,200
2000,116.00,127
